,city,cloudiness,country,humidity,lat,temp,wind
0,tiznit,0,ma,68,29.58,70.11139999999995,0.77
1,herat,0,af,38,34.35,67.6814,4.47
2,olafsvik,0,is,100,64.89,49.77140000000003,6.57
3,segou,8,ml,87,13.43,79.83139999999997,1.22
4,hammerfest,20,no,75,70.66,46.39999999999998,6.7
5,tessalit,20,ml,18,20.2,81.00139999999993,1.07
6,hamilton,20,bm,70,32.29,84.19999999999999,3.1
7,rasra,0,in,87,25.85,78.39139999999992,1.52
8,doka,20,sd,84,13.52,76.0514,1.27
9,cap malheureux,75,mu,56,-19.98,73.39999999999992,7.2
10,aragarcas,44,br,22,-15.9,94.3214000000001,1.62
11,maromitsa,92,ru,99,59.87,55.261399999999924,2.22
12,kyenjojo,20,ug,90,0.63,59.31139999999988,1.22
13,oktyabrskoye,0,ru,86,43.06,51.9314,1.02
14,beziers,0,fr,82,43.35,66.19999999999999,2.1
15,garowe,12,so,45,8.41,83.4314,6.82
16,hit,0,iq,17,33.64,74.7913999999999,1.97
17,tambura,36,sd,93,4.09,66.69139999999999,2.32
18,libreville,40,ga,78,0.39,78.80000000000001,3.1
19,kutum,68,sd,55,14.2,75.51139999999992,4.02
20,bethanien,20,na,25,-26.48,56.88140000000004,1.42
21,kegayli,0,uz,64,42.78,69.80000000000001,2.1
22,pietarsaari,90,fi,93,63.67,51.799999999999955,1.5
23,bicester,36,gb,100,51.9,57.19999999999999,4.6
24,tarnos,75,fr,77,43.54,64.39999999999992,2.6
25,vardo,75,no,75,70.37,44.599999999999966,10.3
26,cayenne,0,gf,78,4.93,82.39999999999992,3.1
27,santiago de compostela,75,es,100,42.88,62.599999999999966,1.5
28,pavino,100,ru,100,59.11,52.651400000000024,1.67
29,bonfim,32,br,38,3.08,94.59139999999996,2.97
30,aripuana,24,br,33,-9.17,96.21139999999997,1.62
31,ericeira,20,pt,82,38.96,64.39999999999992,6.7
32,comodoro rivadavia,75,ar,80,-45.87,40.99999999999994,5.1
33,barreiras,0,br,28,-12.15,85.59139999999996,3.57
34,varkaus,90,fi,93,62.33,49.99999999999994,4.17
35,mantua,32,cu,89,22.29,83.4314,1.42
36,jurado,92,co,100,7.11,75.15140000000002,2.82
37,ambanja,20,mg,74,-13.68,69.9314,0.77
38,hobyo,20,so,83,5.35,77.31139999999988,8.32
39,phalaborwa,0,za,47,-23.94,68.85139999999996,1.22
40,jalu,0,ly,42,29.03,75.78140000000002,3.77
41,ilulissat,40,gl,74,69.22,35.599999999999966,3.6
42,cascais,20,pt,82,38.7,64.39999999999992,6.7
43,saint-augustin,0,ca,89,51.23,58.4113999999999,7.17
44,escanaba,40,us,55,45.75,60.80000000000001,2.6
45,maxixe,0,mz,100,-23.86,69.75139999999993,4.07
46,koroni,0,gr,77,36.8,69.80000000000001,5.97
47,tumannyy,76,ru,81,69.16,44.011399999999924,6.12
48,anori,20,br,51,-3.77,93.69139999999999,1.77
49,ostrovnoy,8,ru,80,68.05,42.03140000000002,8.17
50,cangucu,0,br,78,-31.39,71.59999999999997,2.6
51,lincoln,0,ar,51,-34.87,68.58139999999997,4.47
52,severnyy,0,ru,82,50.68,55.39999999999992,3.0
53,maceio,20,br,73,-9.67,75.19999999999999,4.1
54,bayan,0,kw,20,29.3,96.80000000000001,7.7
55,illoqqortoormiut,0,gl,77,41.9,66.19999999999999,1.5
56,manaus,40,br,55,-3.1,89.59999999999997,1.5
57,tinde,8,tz,61,-3.88,68.85139999999996,4.62
58,yenagoa,64,ng,96,4.92,73.08139999999997,2.17
59,bongandanga,0,cd,94,1.5,74.61139999999995,0.97
60,ringwood,75,us,52,41.11,71.59999999999997,2.1
61,ndjole,44,ga,88,-0.18,74.70139999999998,2.92
62,punta alta,80,ar,78,-38.88,56.971400000000074,3.87
63,nortelandia,8,br,74,-14.45,87.3014,1.42
64,chegutu,0,zw,38,-18.13,65.7913999999999,4.72
65,belyy yar,40,ru,87,53.6,44.599999999999966,3.42
66,bonthe,92,sl,100,7.53,71.9113999999999,0.97
67,upata,32,ve,60,8.01,86.76139999999992,3.12
68,vagur,92,fo,96,61.47,53.011399999999924,9.07
69,nzerekore,88,gn,100,7.76,68.31139999999988,1.52
70,tambacounda,75,sn,88,13.75,82.39999999999992,2.1
71,vestbygda,92,no,100,58.1,54.721400000000074,4.87
72,carlisle,88,gb,100,54.9,49.99999999999994,5.1
73,rio de janeiro,0,br,73,-22.9,76.99999999999994,4.6
74,ulcinj,0,me,100,41.93,64.39999999999992,1.5
75,jeremie,64,ht,95,18.65,83.4314,8.17
76,emba,0,kz,75,51.18,40.99999999999994,3.0
77,coihaique,40,cl,56,-45.58,42.799999999999955,2.6
78,luena,0,ao,29,-11.78,68.94139999999999,3.32
79,codrington,0,ag,100,51.5,53.599999999999966,3.1
80,selishche,88,ru,100,56.89,52.56139999999988,3.77
81,damghan,0,ir,68,36.17,66.15140000000002,1.52
82,jevnaker,92,no,100,60.24,47.881399999999985,3.47
83,waidhofen,0,at,82,47.96,55.39999999999992,2.1
84,klaebu,0,no,62,63.3,55.39999999999992,6.2
85,doha,0,kw,20,29.33,96.80000000000001,7.7
86,pisco,90,pe,77,-13.7,64.39999999999992,3.6
87,vieques,1,us,32,32.93,84.19999999999999,4.6
88,matagami,20,ca,47,49.75,55.39999999999992,4.6
89,semey,8,kz,87,50.41,42.21139999999991,0.82
90,killybegs,92,ie,100,54.63,53.101399999999956,9.02
91,inhambane,0,mz,100,-23.86,69.75139999999993,4.07
92,gayeri,48,bf,79,12.65,79.56139999999988,2.42
93,bonavista,80,ca,77,48.65,66.33139999999997,7.92
94,sainte-marie,90,re,73,-20.9,69.80000000000001,8.2
95,tazovskiy,64,ru,91,67.47,37.351399999999956,6.32
96,cockburn town,92,bs,100,24.03,79.65140000000002,19.47
97,mabaruma,64,gy,83,8.2,85.23139999999995,3.17
98,manicore,20,br,59,-5.81,89.59999999999997,1.5
99,uttukkuli,75,in,94,11.17,73.39999999999992,2.1
100,vite,88,in,97,17.28,69.9314,1.67
101,henties bay,0,na,93,-22.12,57.511399999999924,1.87
102,aranda de duero,0,es,51,41.67,54.99139999999994,3.17
103,hermanus,32,za,96,-34.42,44.46139999999991,0.92
104,tigzirt,0,dz,81,36.89,62.73139999999995,1.17
105,yarada,68,in,99,17.65,86.13140000000004,3.02
106,toliary,0,mg,100,-23.35,64.08139999999997,1.37
107,floro,80,no,62,61.6,58.99999999999994,4.1
108,alpena,1,us,54,45.06,58.99999999999994,4.37
109,nicoya,40,cr,79,10.15,84.19999999999999,4.6
110,chimbote,8,pe,79,-9.09,66.24139999999994,3.27
111,macon,0,fr,59,46.3,62.599999999999966,3.1
112,tefe,20,br,70,-3.35,87.80000000000001,2.1
113,bolungarvik,20,is,100,66.08,41.761399999999924,1.72
114,richards bay,12,za,99,-28.78,62.64139999999992,1.62
115,vilhena,75,br,65,-12.74,78.80000000000001,6.2
116,benjamin constant,0,br,70,-4.38,85.99999999999994,2.6
117,praia,20,cv,78,14.92,80.59999999999997,6.2
118,maarianhamina,90,fi,87,60.1,51.799999999999955,4.37
119,khandbari,36,np,66,27.37,43.381399999999985,0.77
120,tororo,8,ug,90,0.69,62.011399999999924,1.27
121,el alto,0,pe,64,-4.27,75.19999999999999,5.7
122,olinda,75,br,78,-8.01,76.99999999999994,6.7
123,samdari,0,in,62,25.82,81.09139999999996,3.02
124,kawambwa,100,zm,42,-9.79,76.59139999999996,1.22
125,fredericton,90,ca,82,45.95,66.19999999999999,5.1
126,annigeri,92,in,99,15.43,71.5514,2.07
127,umzimvubu,0,za,81,-30.55,45.721400000000074,0.72
128,natal,20,br,78,-5.79,76.99999999999994,6.2
129,labytnangi,88,ru,77,66.66,38.52140000000003,4.12
130,laguna,44,br,82,-28.48,69.9314,9.47
131,kamo,8,am,47,40.83,58.99999999999994,1.37
132,rockland,75,us,64,42.13,71.59999999999997,3.6
133,andros town,90,bs,55,24.7,89.59999999999997,9.8
134,puri,68,in,89,19.8,85.86139999999995,5.47
135,alekseyevka,0,kz,75,53.29,45.721400000000074,4.32
136,bollnas,88,se,93,61.35,49.32140000000004,1.82
137,burtunay,0,ru,80,42.99,57.511399999999924,1.07
138,waddan,0,ly,25,29.16,80.19139999999999,3.22
139,umbraresti,32,ro,85,45.72,65.0714000000001,3.12
140,padang,32,id,100,-0.95,81.1814,4.12
141,quatre cocos,75,mu,56,-20.21,73.39999999999992,7.2
142,sabha,0,jo,34,32.33,78.80000000000001,1.47
143,attawapiskat,0,ca,70,52.3,56.25139999999993,1.62
144,oistins,20,bb,74,13.07,85.99999999999994,4.1
145,crnici,40,ba,88,43.13,66.19999999999999,2.1
146,douentza,12,ml,93,15.0,72.99139999999994,1.07
147,aksarka,80,ru,79,66.56,37.8014,5.22
148,viransehir,0,tr,31,37.24,66.69139999999999,2.97
149,hambantota,36,lk,100,6.12,76.95139999999998,6.17
150,george town,20,ky,70,19.29,89.59999999999997,5.1
151,sumbe,0,ao,100,-11.21,66.96139999999997,1.67
152,pangnirtung,90,ca,86,66.15,37.39999999999998,5.1
153,tulsipur,0,in,78,27.55,78.39139999999992,1.87
154,najran,0,sa,20,17.49,82.39999999999992,1.0
155,jos,32,ng,93,9.92,65.88140000000004,1.37
156,lusambo,56,cd,95,-4.97,70.56139999999988,1.07
157,carutapera,12,br,72,-1.2,82.98139999999995,5.67
158,canutama,68,br,96,-6.53,77.13140000000004,0.97
159,wukari,8,ng,92,7.85,73.71139999999997,1.62
160,kudahuvadhoo,68,mv,100,2.67,80.8214000000001,6.37
161,mathbaria,44,bd,88,22.29,82.35139999999996,2.97
162,koutsouras,0,gr,100,35.04,76.50139999999993,1.77
163,mitchell,75,ca,67,43.47,62.599999999999966,4.6
164,gamboma,36,cg,85,-1.88,74.88140000000004,1.92
165,carbondale,20,us,34,37.73,80.59999999999997,2.6
166,tabory,80,ru,72,58.52,42.03140000000002,1.32
167,plettenberg bay,44,za,100,-34.05,58.591399999999965,3.92
168,uyuni,36,bo,22,-20.46,51.39139999999992,6.62
169,guane,32,cu,89,22.2,83.4314,1.42
170,aswan,0,eg,23,24.09,87.80000000000001,3.1
171,moussoro,8,td,61,13.64,81.81139999999988,2.77
172,virginia beach,20,us,36,36.85,78.80000000000001,4.1
173,rajec,0,sk,87,49.09,51.799999999999955,0.5
174,maghama,0,mr,63,15.26,91.39999999999992,1.32
175,port-gentil,20,ga,83,-0.72,76.99999999999994,2.6
176,itanhem,8,br,57,-17.17,72.45139999999998,5.12
177,rayachoti,56,in,97,14.05,70.56139999999988,1.12
178,astana,0,kz,80,51.18,39.19999999999999,4.0
179,pimentel,0,pe,64,-6.84,71.59999999999997,10.3
180,libourne,75,fr,72,44.92,64.39999999999992,4.6
181,nouadhibou,40,mr,88,20.93,69.80000000000001,6.2
182,jumla,0,np,77,29.27,35.011399999999924,1.47
183,vana-vigala,75,ee,93,58.9,49.99999999999994,2.6
184,the valley,88,ai,100,18.22,83.1613999999999,5.12
185,gijon,75,es,68,43.54,66.19999999999999,5.1
186,mount pleasant,1,us,57,32.79,78.80000000000001,5.1
187,tjaereborg,80,dk,87,55.46,57.19999999999999,2.6
188,eyl,80,so,70,7.98,82.71139999999997,9.82
189,ormara,92,pk,94,25.21,79.20139999999998,6.37
190,lima,0,pe,57,-12.04,67.95139999999998,1.32
191,panambi,80,br,47,-28.29,82.71139999999997,2.12
192,krasnogorskiy,0,uz,37,41.15,69.80000000000001,3.1
193,mattru,92,sl,100,7.65,72.00139999999993,1.47
194,boueni,20,yt,83,-12.9,71.59999999999997,0.5
195,mayor pablo lagerenza,76,py,34,-19.92,90.63140000000004,8.62
196,gangarampur,64,in,93,25.4,78.3014,3.02
197,porto belo,0,br,93,-27.16,69.80000000000001,4.6
198,mahbubnagar,88,in,100,16.73,71.01139999999992,2.62
199,loralai,0,pk,79,30.37,52.831399999999974,1.22
200,veraval,0,in,95,20.9,78.39139999999992,4.37
201,tevriz,64,ru,91,57.51,34.831399999999974,1.17
202,shache,0,cn,68,38.42,55.71139999999997,1.87
203,saint george,20,bm,70,32.38,84.19999999999999,3.1
204,parry sound,0,ca,65,45.35,57.69139999999999,3.17
205,namibe,48,ao,100,-15.2,67.14139999999992,0.72
206,okakarara,20,na,34,-20.58,64.26139999999992,2.67
207,kruisfontein,12,za,92,-34.0,56.52140000000003,3.67
208,grindavik,20,is,81,63.84,49.99999999999994,4.1
209,agirish,56,ru,83,61.92,36.091399999999965,2.22
210,nexo,88,dk,87,55.06,60.80000000000001,8.2
211,arraial do cabo,0,br,73,-22.97,75.19999999999999,10.3
212,waw,0,sd,22,19.63,87.03140000000002,5.82
213,albany,0,au,90,-35.02,50.94139999999993,1.47
214,bedi,0,in,100,22.5,79.11139999999995,4.67
215,vera cruz,40,br,47,-12.63,78.80000000000001,2.6
216,sisimiut,0,gl,70,66.94,39.78140000000002,0.97
217,benghazi,0,ly,99,32.12,81.45139999999998,8.37
218,carbonia,0,it,77,39.17,69.80000000000001,4.1
219,plouzane,88,fr,93,48.38,57.19999999999999,3.1
220,tisul,68,ru,100,55.76,37.71139999999991,2.42
221,tahoua,0,ne,69,14.89,78.9314,4.27
222,dolny kubin,0,sk,87,49.21,51.799999999999955,0.5
223,tanout,8,ne,54,14.97,82.89139999999992,3.47
224,moose factory,75,ca,81,51.28,53.599999999999966,3.6
225,victoria,75,sc,83,-4.62,78.80000000000001,4.1
226,shar,0,kz,80,49.59,37.98140000000001,1.22
227,cidreira,88,br,74,-30.18,74.0714000000001,1.72
228,kourou,0,gf,78,5.16,82.39999999999992,3.1
229,san-pedro,75,ci,100,4.75,76.99999999999994,2.1
230,aras,90,no,100,59.18,51.799999999999955,5.7
231,suoyarvi,92,ru,97,62.08,49.861399999999946,1.77
232,lagos,0,pt,24,37.1,78.80000000000001,6.7
233,souillac,75,mu,56,-20.52,73.39999999999992,7.2
234,kuressaare,75,ee,93,58.25,55.39999999999992,7.2
235,porto velho,40,br,65,-8.76,80.59999999999997,1.0
236,qaqortoq,92,gl,66,60.72,48.19999999999999,1.0
237,puerto el triunfo,40,sv,66,13.28,91.39999999999992,3.1
238,mosquera,75,co,87,4.71,57.19999999999999,2.1
239,wawa,40,ca,62,47.98,57.19999999999999,3.1
240,jamestown,80,sh,100,-15.94,67.3214000000001,6.62
241,filadelfia,92,py,34,-22.35,90.45139999999998,7.02
242,abu samrah,0,qa,35,24.25,89.59999999999997,0.5
243,mumford,48,gh,96,5.26,73.1714,2.42
244,salalah,75,om,88,17.02,78.80000000000001,2.6
245,skjervoy,0,no,88,70.03,52.111399999999946,6.12
246,lodwar,48,ke,58,3.12,76.0514,1.37
247,oriximina,0,br,44,-1.77,92.88140000000004,2.92
248,dudinka,56,ru,68,69.41,38.4314,8.52
249,zemetchino,100,ru,95,53.5,54.99139999999994,4.22
250,trelew,0,ar,30,-43.25,56.4314,5.12
251,cacapava do sul,88,br,69,-30.51,75.33139999999997,3.42
252,bathsheba,20,bb,74,13.22,85.99999999999994,4.1
253,ouricuri,0,br,42,-7.88,79.83139999999997,5.97
254,bambous virieux,75,mu,56,-20.34,73.39999999999992,7.2
255,malumfashi,48,ng,96,11.79,69.48139999999995,1.87
256,zaria,24,ng,95,11.11,69.12140000000005,1.47
257,san nicolas,90,ar,87,-34.61,62.599999999999966,8.2
258,novoagansk,80,ru,94,61.94,38.70139999999998,2.57
259,la playona,80,hn,77,15.12,77.85139999999996,1.12
260,ferrol,75,es,93,43.48,62.599999999999966,4.6
261,ariquemes,92,br,34,-9.91,94.23139999999995,0.92
262,talcahuano,40,cl,50,-36.72,55.39999999999992,6.2
263,west bay,20,ky,70,19.37,89.59999999999997,5.1
264,griffin,40,us,30,33.25,80.59999999999997,3.1
265,polyarnyy,75,ru,77,69.2,42.799999999999955,5.0
266,paradwip,48,in,86,20.32,82.44139999999999,3.57
267,sioux lookout,20,ca,42,50.1,64.39999999999992,2.1
268,thinadhoo,36,mv,100,0.53,84.15140000000002,7.62
269,sao jose da coroa grande,92,br,86,-8.9,74.61139999999995,4.47
270,frontignan,0,fr,68,43.45,66.19999999999999,3.6
271,mporokoso,44,zm,30,-9.37,73.53140000000002,4.67
272,ancud,12,cl,81,-41.87,45.45139999999998,1.17
273,chimoio,0,mz,63,-19.12,62.599999999999966,2.02
274,ndola,0,zm,37,-12.96,64.62140000000005,4.12
275,araioses,40,br,69,-2.89,82.39999999999992,6.2
276,vangaindrano,92,mg,93,-23.35,63.81139999999988,1.22
277,jujuy,0,ar,50,-24.19,75.19999999999999,5.1
278,huaraz,92,pe,81,-9.53,45.631399999999985,0.97
279,los llanos de aridane,44,es,73,28.66,73.39999999999992,6.7
280,gaya,92,ne,100,11.88,71.73139999999995,1.57
281,bandarbeyla,12,so,84,9.49,81.36139999999995,14.97
282,doba,0,ro,93,47.73,55.39999999999992,2.1
283,umm kaddadah,44,sd,78,13.6,71.5514,2.02
284,saint-francois,0,gp,70,16.25,84.19999999999999,3.6
285,omboue,12,ga,100,-1.57,75.69139999999999,3.42
286,araouane,0,ml,22,18.9,86.31139999999988,0.87
287,sambava,92,mg,100,-14.27,72.09139999999996,9.07
288,tambopata,75,pe,94,-12.73,73.39999999999992,4.6
289,roura,0,gf,78,4.73,82.39999999999992,3.1
290,vasto,20,it,77,42.12,69.80000000000001,1.5
291,coquimbo,20,cl,58,-29.95,57.19999999999999,4.1
292,biltine,32,td,59,14.53,77.94139999999999,3.12
293,ugoofaaru,80,mv,100,5.67,80.64139999999992,9.27
294,ghanzi,0,bw,27,-21.57,64.35139999999996,3.57
295,gorom-gorom,48,bf,84,14.44,78.21139999999997,2.12
296,praia da vitoria,40,pt,88,38.73,71.59999999999997,3.1
297,kaduna,88,ng,96,10.52,71.73139999999995,1.52
298,bajo baudo,76,co,97,4.95,79.38140000000004,1.42
299,mahibadhoo,76,mv,100,3.78,81.36139999999995,7.92
300,novyy urengoy,68,ru,92,66.08,35.64139999999992,5.42
301,kosh-agach,20,ru,84,50.0,23.581399999999974,1.17
302,qaanaaq,24,gl,100,77.48,24.03140000000002,7.07
303,cheuskiny,40,ru,100,61.1,33.799999999999955,3.0
304,kandalaksha,68,ru,72,67.16,46.351399999999956,4.37
305,fomboni,0,km,100,-12.28,77.13140000000004,1.67
306,matara,92,lk,100,5.95,75.24139999999994,5.42
307,ndele,0,cf,95,8.41,68.6714,1.27
308,eydhafushi,80,mv,100,5.1,80.64139999999992,9.27
309,aflu,0,dz,50,34.11,64.1714,1.82
310,issoire,0,fr,71,45.55,57.19999999999999,0.5
311,kuopio,90,fi,93,62.88,51.799999999999955,1.5
312,paita,0,pe,64,-5.09,75.19999999999999,5.7
313,joao pinheiro,0,br,30,-17.74,78.9314,3.67
314,ahvaz,0,ir,24,31.32,91.39999999999992,2.1
315,dalvik,75,is,81,65.97,48.19999999999999,2.1
316,yirol,0,sd,87,47.28,55.39999999999992,1.5
317,shahr-e babak,0,ir,22,30.12,64.1714,4.67
318,lasa,90,cn,81,46.62,66.19999999999999,3.1
319,balta,8,ua,80,47.94,52.38140000000004,1.22
320,maniitsoq,0,gl,87,65.42,41.221400000000074,3.92
321,chinhoyi,0,zw,39,-17.37,67.0514,4.57
322,dingli,40,mt,88,35.86,71.59999999999997,3.6
323,warqla,75,dz,87,60.18,51.799999999999955,3.1
324,rio grande,0,br,78,-32.03,71.59999999999997,2.6
325,waynesville,1,us,35,35.49,75.19999999999999,3.1
326,bida,44,ng,91,9.08,75.69139999999999,2.12
327,puerto carreno,40,co,62,6.19,89.59999999999997,6.2
328,skagen,88,dk,100,57.72,58.861399999999946,9.07
329,mortka,88,ru,74,59.33,40.591399999999965,1.32
330,arroyo,90,us,77,35.12,80.59999999999997,4.6
331,melo,88,uy,96,-32.37,69.03140000000002,2.67
332,iranduba,40,br,55,-3.28,89.59999999999997,1.5
333,san pedro,68,bo,100,-16.24,47.881399999999985,2.77
334,saint-philippe,0,re,72,-21.36,69.80000000000001,7.2
335,sibiti,32,cg,84,-3.68,75.06139999999988,2.17
336,den helder,90,nl,100,52.96,60.80000000000001,2.6
337,kargasok,32,ru,77,59.06,41.311399999999935,3.02
338,leticia,75,co,74,-4.22,85.99999999999994,2.1
339,hualmay,20,pe,66,-11.1,68.76139999999992,2.72
340,arlit,12,ne,32,18.74,82.71139999999997,2.37
341,northampton,90,us,63,42.33,69.80000000000001,4.6
342,east london,0,za,100,-33.02,66.06139999999988,3.07
343,gat,75,ly,87,60.15,51.799999999999955,3.1
344,ostersund,88,se,93,63.18,46.39999999999998,2.6
345,saint-georges,0,gf,48,3.9,86.6714,3.72
346,bani,75,do,74,18.28,85.99999999999994,3.1
347,dolbeau,75,ca,93,48.88,57.19999999999999,3.1
348,paamiut,92,gl,96,61.99,40.50139999999999,0.07
349,inongo,76,cd,94,-1.95,73.26139999999992,0.67
350,touros,0,br,77,-5.2,78.6613999999999,7.92
351,san luis,12,ar,69,-33.3,64.8014,5.72
352,gikongoro,48,rw,93,-2.46,54.81139999999988,0.72
353,puerto leguizamo,36,co,69,-0.19,86.49139999999994,1.22
354,santiago de cao,0,pe,72,-7.96,67.99999999999994,5.7
355,gravdal,0,no,93,68.12,54.901400000000024,7.87
356,manzil bu zalafah,0,tn,64,36.68,73.39999999999992,1.5
357,disna,44,by,86,55.57,52.29139999999995,3.37
358,bukan,0,ir,76,36.52,51.3014,1.12
359,semnan,12,ir,65,35.57,67.6814,3.22
360,rohatyn,0,ua,100,49.41,48.19999999999999,1.17
361,harindanga,40,in,88,22.04,82.39999999999992,4.1
362,dhangadhi,0,np,86,28.71,73.98139999999995,1.42
363,clyde river,75,ca,64,70.47,39.19999999999999,6.2
364,temiscaming,75,ca,58,46.72,53.599999999999966,5.1
365,tornio,90,fi,93,65.85,48.19999999999999,4.6
366,okandja,64,ga,85,-0.65,75.87140000000005,1.07
367,saint-ambroise,75,ca,93,48.55,60.80000000000001,3.1
368,triolet,75,mu,56,-20.05,73.39999999999992,7.2
369,terme,0,tr,100,41.21,74.97140000000007,5.27
370,ambilobe,8,mg,69,-13.2,71.46139999999997,5.37
371,gasa,12,bt,79,27.9,24.03140000000002,0.37
372,san cristobal,24,ec,97,-0.9,68.85139999999996,5.27
373,winchester,75,us,54,36.13,82.39999999999992,3.1
374,belmonte,20,br,78,-15.86,73.39999999999992,3.1
375,opuwo,0,na,37,-18.06,62.9113999999999,2.07
376,samur,0,az,100,41.63,54.27140000000003,1.12
377,jasper,20,us,47,38.39,78.80000000000001,2.1
378,boralday,20,kz,71,43.36,55.39999999999992,1.0
379,mecca,0,sa,29,21.43,98.59999999999997,1.87
380,rio gallegos,0,ar,42,-51.62,44.599999999999966,7.2
381,ilave,100,pe,100,-16.08,41.311399999999935,1.97
382,bubaque,64,gw,100,11.28,82.26139999999992,2.52
383,petrove,0,ua,62,48.32,55.39999999999992,2.17
384,tasiilaq,76,gl,69,65.61,39.19999999999999,8.7
385,nioro,20,ml,74,15.24,84.19999999999999,2.32
386,tres arroyos,0,ar,35,-38.37,65.25139999999993,4.07
387,mahebourg,75,mu,56,-20.41,73.39999999999992,7.2
388,siavonga,0,zm,56,-16.54,69.84139999999996,2.87
389,punta arenas,20,cl,45,-53.15,42.799999999999955,8.7
390,marsa matruh,0,eg,61,31.35,76.99999999999994,3.1
391,ostrov,24,ru,100,57.34,48.19999999999999,2.0
392,sur,0,om,92,22.57,84.24139999999994,3.57
393,saint albans,40,us,46,38.39,73.39999999999992,1.82
394,vestmannaeyjar,0,is,82,63.44,51.03140000000002,4.17
395,marzuq,0,ly,21,25.92,80.28140000000002,3.72
396,atar,0,mr,25,20.52,90.09139999999996,2.42
397,berlevag,75,no,75,70.86,46.39999999999998,9.8
398,dingle,88,ie,100,52.14,56.25139999999993,11.22
399,ivanteyevka,0,ru,93,55.97,51.799999999999955,4.0
400,vallenar,0,cl,62,-28.57,57.511399999999924,1.72
401,stornoway,44,gb,97,58.21,49.99999999999994,1.5
402,lieksa,100,fi,99,63.32,49.591399999999965,1.92
403,orgtrud,36,ru,90,56.18,49.4113999999999,4.37
404,grand-santi,12,gf,29,4.25,96.03140000000002,1.87
405,impfondo,0,cg,95,1.64,74.1613999999999,0.22
406,margate,0,za,93,-30.86,63.45139999999998,3.32
407,borama,64,so,89,9.89,63.1814,5.57
408,qasigiannguit,0,gl,74,68.82,35.599999999999966,3.1
409,port elizabeth,20,za,93,-33.92,55.39999999999992,2.1
410,santa eulalia del rio,0,es,40,42.07,65.34139999999996,4.32
411,narsaq,92,gl,66,60.92,48.19999999999999,1.0
412,tsihombe,0,mg,68,-25.3,68.31139999999988,3.52
413,reconquista,92,ar,98,-29.15,67.6814,3.42
414,katsina,8,ng,81,12.99,75.33139999999997,3.07
415,scarborough,20,tt,83,11.18,82.39999999999992,3.17
416,oussouye,20,sn,88,12.48,82.39999999999992,2.1
417,diamantina,0,br,35,-18.25,73.08139999999997,3.72
418,taoudenni,0,ml,16,22.68,89.73139999999995,3.72
419,kavaratti,80,in,100,10.57,78.75139999999993,5.82
420,bridlington,0,gb,87,54.08,53.599999999999966,5.1
421,granville,40,fr,87,48.84,58.99999999999994,8.7
422,inderborskiy,0,kz,66,48.55,60.5714000000001,2.82
423,vuktyl,64,ru,69,63.86,40.591399999999965,2.77
424,les cayes,48,ht,100,18.2,84.15140000000002,6.02
425,kushmurun,44,kz,59,52.45,53.5514,4.02
426,caravelas,24,br,100,-17.71,73.1714,6.67
427,urumqi,0,cn,51,43.8,62.599999999999966,1.0
428,dekar,0,bw,28,-21.53,63.45139999999998,2.47
429,iqaluit,75,ca,80,63.75,40.99999999999994,4.6
430,deep river,90,ca,66,46.1,55.39999999999992,4.6
431,caconda,0,ao,32,-13.73,61.291399999999896,2.27
432,pafos,0,cy,68,34.77,76.99999999999994,2.1
433,itarema,0,br,53,-2.88,85.0514,6.97
434,talmenka,0,ru,93,53.82,40.99999999999994,3.0
435,illapel,92,cl,78,-31.63,51.48140000000001,1.57
436,karakendzha,0,tj,95,39.24,27.811399999999935,0.72
437,bangsund,0,no,74,64.44,50.49139999999994,5.27
438,krutaya gorka,0,ru,86,55.36,40.99999999999994,2.0
439,vapi,24,in,92,20.37,71.5514,1.17
440,georgetown,44,sh,100,-7.93,74.97140000000007,8.52
441,nanortalik,92,gl,95,60.14,38.881399999999985,14.32
442,zapolyarnyy,75,ru,70,69.42,42.799999999999955,4.6
443,chabahar,44,ir,100,25.29,81.1814,3.07
444,ouadda,36,cf,92,8.08,69.21139999999997,1.42
445,mar del plata,20,ar,87,-38.0,51.799999999999955,4.1
446,stepnyak,0,kz,79,52.83,44.46139999999991,4.22
447,yarmouth,20,ca,82,43.83,62.599999999999966,3.6
448,kjollefjord,75,no,65,70.95,46.39999999999998,3.6
449,maiduguri,24,ng,77,11.85,78.48139999999995,2.72
450,shahr-e kord,20,ir,29,32.33,62.599999999999966,2.1
451,lebedyn,0,ua,90,50.59,49.6814,1.47
452,ushuaia,20,ar,41,-54.8,42.799999999999955,4.6
453,goderich,92,sl,100,8.43,73.1714,1.67
454,rawson,8,ar,60,-43.3,55.44139999999999,4.22
455,coracora,0,pe,27,-15.03,56.0714000000001,2.07
456,belushya guba,76,ru,97,69.71,42.9314,8.02
457,bronnoysund,8,no,81,65.46,48.19999999999999,4.1
458,miquelon,75,pm,100,47.1,60.80000000000001,5.1
459,yazman,0,pk,79,29.12,79.11139999999995,1.22
460,frederick,90,us,43,39.41,75.19999999999999,3.6
461,ipixuna,75,br,74,-7.57,85.99999999999994,3.1
462,kemijarvi,92,fi,86,66.67,48.15139999999997,4.82
463,ajdabiya,0,ly,40,30.76,76.86139999999995,3.52
464,torbat-e jam,0,ir,41,35.24,65.61139999999995,3.22
465,aplahoue,100,bj,94,6.93,75.96139999999997,1.67
466,ondjiva,0,ao,26,-17.07,69.9314,3.87
467,rocha,92,uy,100,-34.48,62.28140000000002,3.02
468,kampene,80,cd,87,-3.6,70.38140000000004,0.72
469,kismayo,92,so,98,-0.36,77.85139999999996,7.52
470,holme,88,no,90,60.51,51.75139999999999,1.12
471,saint-joseph,0,re,72,-21.37,69.80000000000001,7.2
472,gomel,75,by,87,52.42,55.39999999999992,3.0
473,ilhabela,0,br,94,-23.78,68.58139999999997,4.97
474,novocheremshansk,88,ru,88,54.36,55.98139999999995,5.32
475,kirovskiy,0,ru,85,45.09,42.3014,0.97
476,cape town,0,za,93,-33.93,51.799999999999955,1.0
477,bakchar,0,ru,92,57.02,35.011399999999924,2.32
478,kuloy,80,ru,98,61.03,50.131399999999985,3.22
479,gamboula,76,cf,89,4.12,70.74139999999994,1.87
480,skibbereen,20,ie,87,51.55,51.799999999999955,6.7
481,tamandare,92,br,86,-8.76,74.61139999999995,4.47
482,chilca,8,pe,95,-12.52,62.5514,3.92
483,guzelyurt,0,cy,60,35.2,76.99999999999994,5.7
484,husavik,75,is,81,66.04,48.19999999999999,2.1
485,vila franca do campo,40,pt,88,37.72,71.59999999999997,4.6
486,biu,44,ng,83,10.61,75.78140000000002,2.07
487,gumdag,44,tm,49,39.21,77.76139999999992,2.57
488,koping,88,se,93,59.51,53.599999999999966,4.6
489,grand gaube,75,mu,56,-20.01,73.39999999999992,7.2
490,mayumba,92,ga,99,-3.43,73.53140000000002,2.12
491,keflavik,20,is,81,64.0,49.99999999999994,4.1
492,mbandaka,36,cd,94,0.05,73.98139999999995,0.72
493,amapa,20,br,52,0.04,89.59999999999997,5.7
494,tawkar,32,sd,90,13.7,70.83139999999997,2.67
495,abdulino,44,ru,93,53.7,56.25139999999993,6.47
496,kasongo,48,cd,83,-4.45,72.45139999999998,1.32
497,sao filipe,80,cv,97,14.9,80.64139999999992,3.07
498,arauca,40,co,88,7.08,78.80000000000001,1.0
499,soyo,0,ao,86,-6.13,73.08139999999997,2.32
500,bilma,0,ne,21,18.69,77.85139999999996,1.52
501,koslan,92,ru,98,63.46,43.471400000000074,4.67
502,uspenka,64,ru,74,56.8,39.15139999999997,1.57
503,ginir,68,et,89,7.13,62.46139999999997,1.97
504,kalmunai,44,lk,100,7.42,72.1814,1.17
505,mocuba,0,mz,74,-17.0,65.34139999999996,2.32
506,kytlym,92,ru,78,55.71,51.6613999999999,4.82
507,beyneu,0,kz,68,45.32,62.46139999999997,2.87
508,santa maria,40,cv,74,16.6,80.59999999999997,4.6
509,oschatz,0,de,67,51.3,60.80000000000001,5.1
510,sawakin,0,sd,79,19.11,81.63140000000004,1.77
511,port said,0,eg,69,31.26,80.59999999999997,5.1
512,port shepstone,0,za,93,-30.74,63.45139999999998,3.32
513,basavana bagevadi,92,in,97,16.58,70.11139999999995,1.37
514,port blair,88,in,100,11.67,81.36139999999995,4.77
515,portree,92,gb,100,57.41,52.38140000000004,3.22
516,rivera,80,uy,89,-30.91,69.5714000000001,4.52
517,novopskov,12,ua,90,49.55,53.46139999999997,3.72
518,chamba,12,in,52,32.57,61.111399999999946,0.92
519,naples,20,us,63,26.14,91.39999999999992,5.7
520,hithadhoo,80,mv,100,-0.6,84.33139999999997,7.62
521,mehamn,75,no,65,71.04,46.39999999999998,3.6
522,bhinga,0,in,78,27.72,78.39139999999992,1.87
523,burica,92,pa,100,8.38,76.6814,2.52
524,saverne,56,fr,72,48.74,60.80000000000001,6.7
525,hamina,90,fi,93,60.57,48.19999999999999,1.5
526,acandi,88,co,96,8.51,78.9314,0.97
527,sladkovicovo,0,sk,72,48.2,62.599999999999966,2.1
528,mogadishu,80,so,100,2.04,77.76139999999992,6.92
529,bokspits,0,bw,18,-28.45,58.99999999999994,1.5
530,guia de isora,0,es,73,28.21,75.19999999999999,4.1
531,sokoto,88,ng,92,13.06,72.1814,3.12
532,jutai,64,br,73,-5.18,87.6613999999999,1.22
533,uwayl,20,sd,25,44.07,87.80000000000001,6.7
534,katsiveli,0,ua,100,44.41,67.4113999999999,1.57
535,atasu,0,kz,72,48.68,51.03140000000002,2.22
536,montepuez,0,mz,76,-13.13,66.78140000000002,3.82
537,keuruu,90,fi,100,62.27,48.19999999999999,2.1
538,shihezi,0,cn,78,44.3,56.52140000000003,1.37
539,ponta delgada,40,pt,88,37.73,71.59999999999997,4.6
540,cabedelo,40,br,78,-6.98,76.99999999999994,5.1
541,pangody,56,ru,87,65.85,35.19139999999993,5.07
542,taolanaro,20,mg,77,-25.02,69.80000000000001,8.2
543,makokou,24,ga,89,0.57,74.61139999999995,1.22
544,saint-pierre,75,pm,100,46.77,60.80000000000001,5.1
545,khatra,8,in,89,22.98,79.20139999999998,2.57
546,halifax,40,ca,53,44.65,71.59999999999997,4.6
547,harper,92,lr,100,4.38,77.94139999999999,4.82
548,diffa,24,ne,66,13.32,81.5413999999999,2.17
549,andenes,0,no,76,69.31,49.99999999999994,5.7
550,grand river south east,75,mu,56,-20.29,73.39999999999992,7.2
551,boende,12,cd,95,-0.22,73.71139999999997,0.97
552,antsohihy,8,mg,65,-14.88,72.09139999999996,5.52
553,sorland,0,no,94,67.67,55.351399999999956,8.82
554,banki,32,in,87,20.38,80.37140000000005,2.77
555,wanlaweyn,92,so,92,2.62,73.98139999999995,3.22
556,kotelnich,92,ru,98,58.31,56.1613999999999,1.87
557,bugembe,0,ug,90,0.48,62.73139999999995,1.52
558,saint anthony,1,ca,77,51.37,60.80000000000001,12.9
559,buinsk,92,ru,93,54.95,53.599999999999966,3.0
560,palma del rio,0,es,30,37.7,80.59999999999997,2.1
561,chor,0,pk,67,25.52,80.64139999999992,4.02
562,riyadh,0,sa,9,24.69,84.19999999999999,4.77
563,gandajika,24,cd,94,-6.75,70.65140000000002,1.42
564,carauari,8,br,50,-4.88,92.88140000000004,2.07
565,mehran,0,ir,14,33.12,67.99999999999994,2.1
566,mancora,0,pe,64,-4.11,75.19999999999999,5.7
567,boca do acre,8,br,46,-8.75,91.89139999999992,1.22
568,karaul,92,ru,98,58.31,56.1613999999999,1.87
569,ribeira grande,40,pt,73,38.52,71.59999999999997,5.1
570,port alfred,92,za,92,-33.59,62.8214000000001,2.17
571,manadhoo,92,mv,100,5.77,80.37140000000005,9.87
572,lixourion,48,gr,100,38.2,75.51139999999992,3.42
573,paracuru,0,br,74,-3.41,80.59999999999997,5.7
574,bosconia,92,co,95,9.97,73.8014,1.57
575,brigantine,1,us,40,39.41,73.39999999999992,4.1
576,mugur-aksy,48,ru,75,50.35,28.53140000000002,0.87
577,brewster,40,us,45,41.4,71.59999999999997,4.1
578,hvammstangi,48,is,86,65.33,41.67140000000006,0.87
579,kukshi,24,in,75,22.2,81.1814,2.57
580,turukhansk,24,ru,90,65.82,37.71139999999991,3.47
581,asfi,0,ma,23,31.29,84.19999999999999,2.6
582,hounde,44,bf,71,11.5,79.20139999999998,2.42
583,ponta do sol,0,cv,100,17.2,78.21139999999997,5.72
584,vestmanna,56,fo,87,62.16,53.599999999999966,3.6
585,yar-sale,44,ru,100,66.83,40.4113999999999,7.97
586,poros,0,gr,60,37.5,71.59999999999997,2.22
587,ler,75,sd,87,60.21,51.799999999999955,3.1
588,marsh harbour,92,bs,100,26.54,84.06139999999988,13.82
589,derzhavinsk,48,kz,63,51.1,51.6613999999999,4.97
590,krasnaya gorka,92,ru,97,55.2,56.4314,6.67
591,eidsvag,0,no,71,62.78,53.599999999999966,2.6
592,longyearbyen,75,sj,93,78.22,39.19999999999999,1.5
593,kapoeta,24,sd,45,4.77,79.11139999999995,3.52
594,linhares,20,br,70,-19.39,70.56139999999988,4.32
595,cabinda,48,ao,100,-5.55,74.7913999999999,3.17
596,golfito,92,cr,100,8.64,77.22140000000007,2.67
597,uray,80,ru,75,60.12,41.131399999999985,2.12
598,shumikha,68,ru,67,55.23,50.49139999999994,4.82
599,kavali,48,in,92,14.92,78.9314,2.47
600,lagoa,92,pt,100,39.05,72.1814,6.12
601,sarkand,12,kz,81,45.41,47.881399999999985,1.47
602,kankakee,40,us,47,41.12,76.99999999999994,3.1
603,samfya,0,zm,55,-11.37,63.721400000000074,4.67
604,iracoubo,0,gf,47,5.48,87.48139999999995,3.52
605,dasoguz,0,tm,49,41.84,73.39999999999992,4.1
606,busselton,0,au,100,-33.65,56.70139999999998,0.47
607,asyut,0,eg,54,27.18,78.80000000000001,3.1
608,zliv,0,cz,81,49.07,49.32140000000004,1.22
609,kondinskoye,80,ru,87,59.65,39.601399999999956,1.17
610,teguise,20,es,78,29.06,73.39999999999992,6.7
611,pomabamba,92,pe,35,-8.83,59.671400000000006,0.97
612,solsvik,92,no,100,60.41,56.25139999999993,1.47
613,dikson,32,ru,100,73.51,38.881399999999985,9.72
614,cognac,92,fr,77,45.7,64.39999999999992,6.7
615,rundu,0,na,18,-17.93,73.39999999999992,1.5
616,wolsztyn,0,pl,77,52.12,58.99999999999994,3.6
617,kalabo,0,zm,30,-14.97,69.39139999999992,4.52
618,viedma,92,ar,45,-40.81,59.49139999999994,1.87
619,igrim,76,ru,83,63.19,40.23140000000001,2.12
620,dzhusaly,8,kz,78,51.8,44.28140000000002,2.07
621,san juan,90,us,83,26.19,84.19999999999999,3.6
622,angra,40,pt,88,38.65,71.59999999999997,3.1
623,longlac,20,ca,41,49.72,60.80000000000001,1.0
624,beira,0,mz,88,-19.84,69.3014,4.72
625,dalmatovo,56,ru,63,56.26,48.87140000000005,5.87
626,sao joao da barra,0,br,69,-21.64,73.39999999999992,10.3
627,talnakh,48,ru,90,69.49,35.82140000000004,2.87
628,lerwick,92,gb,93,60.15,51.799999999999955,3.6
629,tres pontas,0,br,49,-21.37,71.73139999999995,1.22
630,mendeleyevo,0,ru,93,56.03,51.799999999999955,4.0
631,levice,40,sk,87,48.22,51.799999999999955,2.92
632,kapustin yar,48,ru,78,48.58,62.19139999999999,2.42
633,akdepe,0,tm,49,42.06,73.39999999999992,4.1
634,tabou,100,ci,100,4.42,77.0413999999999,4.77
635,sinnamary,0,gf,90,5.38,82.44139999999999,5.82
636,kudowa-zdroj,0,pl,63,50.44,60.80000000000001,3.1
637,quelimane,0,mz,78,-17.88,71.59999999999997,3.1
638,menongue,0,ao,27,-14.66,67.23139999999995,2.32
639,chuy,92,uy,94,-33.7,64.35139999999996,3.42
640,kashi,0,cn,32,39.45,67.99999999999994,5.0
641,villa del rosario,92,ve,89,10.33,74.1613999999999,0.72
642,guajara-mirim,36,br,59,-10.78,85.95139999999998,0.97
643,ambagarh chauki,36,in,94,20.78,76.95139999999998,2.62
644,upernavik,68,gl,100,72.79,38.1613999999999,5.87
645,bridgetown,20,bb,74,13.1,85.99999999999994,4.1
646,thompson,40,ca,44,55.74,75.19999999999999,6.7
647,nkhata bay,0,mw,85,-11.61,67.77140000000003,1.87
648,marcona,64,pe,94,-15.37,59.221400000000074,6.27
649,algiers,0,dz,77,36.75,69.80000000000001,1.42
650,zabol,0,ir,39,31.03,78.80000000000001,5.1
651,takoradi,92,gh,96,4.88,72.81139999999988,1.52
652,kangaatsiaq,0,gl,94,68.31,38.611399999999946,3.02
653,maragogi,92,br,86,-9.01,74.61139999999995,4.47
654,castro,48,cl,100,-42.47,43.29139999999995,1.22
655,saint-chamond,0,fr,81,45.47,62.599999999999966,3.6
656,riviere-au-renard,75,ca,72,49.0,62.599999999999966,1.5
657,anajatuba,80,br,58,-3.26,86.58139999999997,2.42
658,mrakovo,92,ru,97,52.72,57.601399999999956,5.27
659,pechora,0,ru,90,65.15,35.82140000000004,3.42
660,bayonet point,40,us,83,28.33,89.59999999999997,7.27
661,serabu,92,sl,100,7.8,72.00139999999993,1.47
662,viligili,36,mv,100,0.53,84.15140000000002,7.62
663,neka,75,ir,100,36.65,75.19999999999999,2.1
664,lebu,0,cl,100,-37.62,50.131399999999985,8.07
665,kenscoff,75,ht,66,18.45,87.80000000000001,7.2
666,klaksvik,44,fo,87,62.23,53.599999999999966,3.6
667,bredasdorp,0,za,87,-34.53,48.19999999999999,2.6
668,tshikapa,20,cd,97,-6.42,70.56139999999988,0.97
669,nueva loja,75,ec,89,0.08,85.99999999999994,1.5
670,klyuchi,0,ru,80,52.27,37.71139999999991,1.27
671,aguai,0,br,53,-22.06,73.53140000000002,1.42
672,gornopravdinsk,20,ru,89,60.05,36.091399999999965,1.22
673,vila velha,0,br,78,-20.33,73.39999999999992,2.1
674,whitley bay,20,gb,87,55.04,55.39999999999992,6.2
675,morlaix,92,fr,93,48.58,57.19999999999999,6.2
676,saraipali,80,in,90,21.33,77.6714,1.27
677,gobabis,48,na,26,-22.45,73.39999999999992,0.5
678,sangmelima,64,cm,92,2.93,71.73139999999995,0.97
679,arandelovac,0,rs,82,44.31,66.19999999999999,0.5
680,amderma,88,ru,78,69.75,39.96139999999991,6.32
681,manoharpur,0,in,87,27.3,72.1814,1.22
682,hofn,8,is,95,64.25,50.131399999999985,3.87
683,jatai,0,br,24,-17.88,88.02140000000003,2.02
684,kuusamo,90,fi,93,65.97,44.599999999999966,5.1
685,doctor pedro p. pena,75,py,42,-25.33,84.19999999999999,1.0
686,atbasar,8,kz,78,51.8,44.28140000000002,2.07
687,panaba,64,mx,83,21.28,83.0714000000001,3.52
688,marrakesh,0,ma,23,31.63,84.19999999999999,2.6
689,bud,0,no,76,62.8,53.599999999999966,3.6
690,dwarka,32,in,100,22.24,78.84139999999996,3.77
691,chapleau,40,ca,54,47.84,53.599999999999966,3.6
692,meulaboh,68,id,100,4.14,76.86139999999995,1.87
693,mvuma,0,zw,57,-19.28,62.8214000000001,4.67
694,geraldton,20,ca,41,49.73,60.80000000000001,1.0
695,roald,0,no,100,62.58,51.799999999999955,3.6
696,pauini,8,br,66,-7.71,89.28140000000002,1.37
697,muros,75,es,100,42.78,60.80000000000001,1.5
698,nagua,40,do,79,19.38,85.99999999999994,5.1
699,xai-xai,0,mz,90,-25.05,73.1714,5.47
700,dhidhdhoo,80,mv,100,6.88,79.20139999999998,9.67
701,chapais,75,ca,54,49.78,55.39999999999992,4.6
702,karauzyak,0,uz,71,50.0,55.39999999999992,1.5
703,fuerte olimpo,36,py,27,-21.04,93.69139999999999,5.22
704,benton harbor,1,us,52,42.12,67.99999999999994,4.1
705,bam,0,ir,25,29.11,62.8214000000001,2.12
706,asmara,0,er,49,15.33,68.13140000000004,1.62
707,gazli,0,uz,35,40.13,71.8214000000001,2.47
708,peniche,20,pt,82,39.36,62.599999999999966,6.7
709,nurota,0,uz,30,40.56,71.59999999999997,1.22
710,faya,0,td,18,17.93,82.98139999999995,3.77
711,ibra,0,om,72,22.69,70.38140000000004,1.17
712,villamontes,20,bo,34,-21.25,88.38140000000004,3.02
713,areka,68,et,93,7.07,55.081399999999974,0.62
714,san miguel,40,bo,60,-26.82,73.39999999999992,2.6
715,mazamet,0,fr,82,43.49,55.261399999999924,1.22
716,mitsamiouli,20,km,94,-11.38,73.39999999999992,2.6
717,buraydah,0,sa,19,26.33,91.39999999999992,5.1
718,bengkulu,0,id,100,-3.8,78.39139999999992,1.27
719,carnarvon,0,au,100,-24.87,60.75139999999993,0.27
720,strezhevoy,75,ru,93,60.73,40.99999999999994,2.0
721,camana,64,pe,100,-16.62,59.221400000000074,3.17
722,awjilah,0,ly,44,29.11,76.59139999999996,3.77
723,rio verde de mato grosso,32,br,33,-18.92,88.2913999999999,1.67
724,abalak,20,ne,54,15.45,82.08139999999997,4.82
725,camacha,40,pt,77,33.08,71.59999999999997,5.7
726,farkhor,0,tj,79,37.49,57.421400000000006,1.32
727,saldanha,0,za,87,-33.01,51.799999999999955,2.1
728,ambodifototra,68,mg,100,-16.98,71.5514,5.67
729,usinsk,0,ru,98,65.99,35.5514,4.57
730,voskresenskoye,56,ru,94,56.84,54.99139999999994,3.12
731,senanga,0,zm,35,-16.12,69.39139999999992,4.67
732,adrar,0,dz,12,27.87,98.59999999999997,3.1
733,karkaralinsk,8,kz,68,49.41,36.90139999999997,2.47
734,manyana,0,bw,23,-23.4,68.13140000000004,5.17
735,aktau,0,kz,93,43.65,62.599999999999966,3.0
736,laurel,75,us,40,39.1,75.19999999999999,2.6
737,ekibastuz,12,kz,86,51.67,41.761399999999924,2.12
738,taltal,0,cl,70,-25.4,58.0514,1.52
739,leh,8,in,70,34.17,17.64139999999992,0.72
740,rio cuarto,0,ar,42,-33.13,66.19999999999999,9.8
741,kintampo,76,gh,83,8.06,76.14139999999992,1.47
742,wick,20,gb,93,58.43,51.799999999999955,2.1
743,jacareacanga,24,br,30,-6.22,97.56139999999988,1.12
744,sechura,0,pe,76,-5.56,72.1814,5.52
745,saint-gabriel,88,ca,80,46.3,59.221400000000074,5.27
746,areosa,90,pt,93,41.72,62.599999999999966,2.6
747,guisa,90,cu,94,20.25,76.99999999999994,12.3
748,noceto,40,it,68,44.81,71.59999999999997,2.1
749,necochea,8,ar,63,-38.55,58.6814,3.92
750,yanam,44,in,86,16.73,80.8214000000001,1.92
751,torbay,90,ca,93,47.67,64.39999999999992,7.7
752,alnashi,92,ru,98,56.19,56.1613999999999,4.47
753,santa marta,75,co,100,11.24,78.80000000000001,2.1
754,luderitz,0,na,87,-26.65,55.39999999999992,6.7
755,morros,80,br,29,-9.45,91.26139999999992,4.07
756,cockburn harbour,36,tc,95,21.73,86.13140000000004,12.12
757,guanica,40,us,78,17.99,82.39999999999992,3.1
758,zvishavane,0,zw,54,-20.33,62.46139999999997,3.32
759,ondangwa,0,na,26,-17.92,68.85139999999996,3.42
760,novo aripuana,44,br,63,-5.12,87.48139999999995,1.32
761,havoysund,20,no,70,71.0,46.39999999999998,6.7
762,esna,56,eg,96,59.04,49.14139999999992,2.77
763,korla,0,cn,92,41.76,51.12140000000005,2.72
764,manavalakurichi,40,in,88,8.13,78.80000000000001,1.0
